[
  {
    "id": "1",
    "name": "UWMTC",
    "gc": "Greiner",
    "date": "2025-07-14",
    "type": "Walls, Floors",
    "status": "Bidding",
    "materials": [
      {
        "type": "Metal",
        "name": "Schluter AHKA 120",
        "qty": 40,
        "unitPrice": 33,
        "matStatus": "Delivered"
      },
      {
        "type": "Porcelain Tile",
        "name": "12x24 Landmark White Matte",
        "qty": 500,
        "unitPrice": 4,
        "matStatus": "Delivered"
      },
      {
        "type": "Ceramic Tile",
        "name": "4x12 DalTile Subway White Glossy",
        "qty": 1200,
        "unitPrice": 2.05,
        "matStatus": "Delivered"
      }
    ],
    "sqftWalls": 1200,
    "sqftFloors": 500,
    "sqftTotal": 1700
  },
  {
    "id": "2",
    "name": "Wells Fargo",
    "gc": "n/a",
    "date": "2025-07-17",
    "type": "Walls, Floors",
    "status": "Bidding"
  }
]